VariablesInteres,VariablesCondicionadas,VariablesMarginalizadas,TiempoEjecucion(us),EstadosEvaluados
1,0,19,62532.21,1048576
1,0,19,50806.60,1048576
1,0,19,56559.93,1048576
1,0,19,60053.98,1048576
1,0,19,65542.94,1048576
1,0,19,64385.97,1048576
1,0,19,60164.79,1048576
1,0,19,48683.73,1048576
1,0,19,57003.65,1048576
1,0,19,55660.22,1048576
1,0,19,73073.49,1048576
1,0,19,67770.98,1048576
1,0,19,60303.50,1048576
1,0,19,67539.83,1048576
1,0,19,69222.74,1048576
1,0,19,70430.75,1048576
1,0,19,65269.07,1048576
1,0,19,49999.58,1048576
1,0,19,48614.68,1048576
1,0,19,48746.25,1048576
1,1,18,36609.23,1048576
1,1,18,33064.82,1048576
1,1,18,29052.99,1048576
1,1,18,26176.40,1048576
1,1,18,31097.88,1048576
1,1,18,24963.96,1048576
1,1,18,26950.08,1048576
1,1,18,27173.38,1048576
1,1,18,28650.72,1048576
1,1,18,24685.94,1048576
1,1,18,29504.38,1048576
1,1,18,25708.90,1048576
1,1,18,31686.35,1048576
1,1,18,36444.87,1048576
1,1,18,30264.32,1048576
1,1,18,36080.95,1048576
1,1,18,24639.52,1048576
1,1,18,33018.17,1048576
1,1,18,30558.36,1048576
1,1,18,33196.46,1048576
1,2,17,19068.97,1048576
1,2,17,17980.74,1048576
1,2,17,14052.68,1048576
1,2,17,17547.59,1048576
1,2,17,18705.37,1048576
1,2,17,19281.46,1048576
1,2,17,17471.62,1048576
1,2,17,17879.36,1048576
1,2,17,18858.43,1048576
1,2,17,14072.67,1048576
1,2,17,19079.98,1048576
1,2,17,13187.04,1048576
1,2,17,14774.64,1048576
1,2,17,15312.95,1048576
1,2,17,19581.52,1048576
1,2,17,15077.97,1048576
1,2,17,19158.19,1048576
1,2,17,14507.22,1048576
1,2,17,16996.18,1048576
1,2,17,16746.35,1048576
1,3,16,9862.57,1048576
1,3,16,10239.02,1048576
1,3,16,9414.25,1048576
1,3,16,9453.06,1048576
1,3,16,7683.14,1048576
1,3,16,8371.54,1048576
1,3,16,7752.78,1048576
1,3,16,9825.40,1048576
1,3,16,8856.40,1048576
1,3,16,8537.06,1048576
1,3,16,10132.27,1048576
1,3,16,8238.94,1048576
1,3,16,8891.16,1048576
1,3,16,10228.66,1048576
1,3,16,9895.56,1048576
1,3,16,7109.69,1048576
1,3,16,10755.51,1048576
1,3,16,8069.11,1048576
1,3,16,7262.87,1048576
1,3,16,6983.72,1048576
1,4,15,4674.02,1048576
1,4,15,4767.07,1048576
1,4,15,4971.09,1048576
1,4,15,4154.08,1048576
1,4,15,5129.67,1048576
1,4,15,4490.89,1048576
1,4,15,4598.13,1048576
1,4,15,4936.97,1048576
1,4,15,5163.37,1048576
1,4,15,5679.57,1048576
1,4,15,5461.01,1048576
1,4,15,6003.00,1048576
1,4,15,5158.96,1048576
1,4,15,4075.39,1048576
1,4,15,4415.83,1048576
1,4,15,4722.23,1048576
1,4,15,4644.46,1048576
1,4,15,5773.06,1048576
1,4,15,3960.47,1048576
1,4,15,4684.92,1048576
1,5,14,3181.32,1048576
1,5,14,2752.24,1048576
1,5,14,2730.66,1048576
1,5,14,3204.66,1048576
1,5,14,2812.76,1048576
1,5,14,2918.30,1048576
1,5,14,2934.62,1048576
1,5,14,3430.10,1048576
1,5,14,2701.17,1048576
1,5,14,4132.50,1048576
1,5,14,2548.51,1048576
1,5,14,2559.18,1048576
1,5,14,2601.53,1048576
1,5,14,2575.22,1048576
1,5,14,3018.58,1048576
1,5,14,3286.77,1048576
1,5,14,2913.45,1048576
1,5,14,3031.51,1048576
1,5,14,3535.08,1048576
1,5,14,2998.19,1048576
1,6,13,2041.66,1048576
1,6,13,2378.91,1048576
1,6,13,2151.13,1048576
1,6,13,1971.69,1048576
1,6,13,1806.52,1048576
1,6,13,1983.45,1048576
1,6,13,1841.16,1048576
1,6,13,2069.33,1048576
1,6,13,2503.40,1048576
1,6,13,1838.18,1048576
1,6,13,2137.82,1048576
1,6,13,1729.48,1048576
1,6,13,1801.10,1048576
1,6,13,2066.21,1048576
1,6,13,2375.11,1048576
1,6,13,2388.04,1048576
1,6,13,1741.63,1048576
1,6,13,2460.70,1048576
1,6,13,2103.79,1048576
1,6,13,2069.46,1048576
1,7,12,1538.24,1048576
1,7,12,1466.00,1048576
1,7,12,1710.18,1048576
1,7,12,1447.04,1048576
1,7,12,1422.78,1048576
1,7,12,1729.10,1048576
1,7,12,1603.50,1048576
1,7,12,1605.23,1048576
1,7,12,1397.39,1048576
1,7,12,1524.83,1048576
1,7,12,1379.46,1048576
1,7,12,1744.87,1048576
1,7,12,1377.84,1048576
1,7,12,1593.31,1048576
1,7,12,1510.11,1048576
1,7,12,1564.06,1048576
1,7,12,1393.36,1048576
1,7,12,1543.71,1048576
1,7,12,1593.31,1048576
1,7,12,1766.48,1048576
1,8,11,1305.76,1048576
1,8,11,1267.00,1048576
1,8,11,1327.59,1048576
1,8,11,1435.70,1048576
1,8,11,1337.62,1048576
1,8,11,1384.70,1048576
1,8,11,1413.72,1048576
1,8,11,1291.58,1048576
1,8,11,1299.92,1048576
1,8,11,1386.94,1048576
1,8,11,1298.24,1048576
1,8,11,1310.65,1048576
1,8,11,1314.62,1048576
1,8,11,1461.17,1048576
1,8,11,1367.57,1048576
1,8,11,1283.80,1048576
1,8,11,1442.64,1048576
1,8,11,1491.70,1048576
1,8,11,1467.36,1048576
1,8,11,1428.50,1048576
2,0,18,55783.35,1048576
2,0,18,60716.96,1048576
2,0,18,70269.68,1048576
2,0,18,76707.04,1048576
2,0,18,64314.67,1048576
2,0,18,57380.26,1048576
2,0,18,78077.90,1048576
2,0,18,58519.81,1048576
2,0,18,71477.77,1048576
2,0,18,73346.61,1048576
2,0,18,62600.24,1048576
2,0,18,52055.18,1048576
2,0,18,58588.29,1048576
2,0,18,70657.49,1048576
2,0,18,65607.24,1048576
2,0,18,75905.80,1048576
2,0,18,82825.02,1048576
2,0,18,73048.78,1048576
2,0,18,59478.64,1048576
2,0,18,53733.31,1048576
2,1,17,26048.96,1048576
2,1,17,39544.25,1048576
2,1,17,30682.71,1048576
2,1,17,28828.12,1048576
2,1,17,37738.74,1048576
2,1,17,27716.43,1048576
2,1,17,38151.90,1048576
2,1,17,31706.62,1048576
2,1,17,34473.90,1048576
2,1,17,37479.89,1048576
2,1,17,40625.89,1048576
2,1,17,39256.50,1048576
2,1,17,36202.47,1048576
2,1,17,43484.28,1048576
2,1,17,35137.17,1048576
2,1,17,32394.54,1048576
2,1,17,27827.94,1048576
2,1,17,35538.41,1048576
2,1,17,32788.05,1048576
2,1,17,44725.83,1048576
2,2,16,19643.05,1048576
2,2,16,16772.50,1048576
2,2,16,16217.00,1048576
2,2,16,17954.36,1048576
2,2,16,17972.61,1048576
2,2,16,19923.12,1048576
2,2,16,17512.08,1048576
2,2,16,18984.04,1048576
2,2,16,17046.41,1048576
2,2,16,17424.01,1048576
2,2,16,21855.75,1048576
2,2,16,22715.39,1048576
2,2,16,17607.39,1048576
2,2,16,19132.76,1048576
2,2,16,14389.18,1048576
2,2,16,19471.60,1048576
2,2,16,17545.63,1048576
2,2,16,15049.82,1048576
2,2,16,20055.44,1048576
2,2,16,17385.82,1048576
2,3,15,10205.64,1048576
2,3,15,8867.08,1048576
2,3,15,9707.64,1048576
2,3,15,10071.86,1048576
2,3,15,7808.23,1048576
2,3,15,11182.33,1048576
2,3,15,7606.92,1048576
2,3,15,7690.99,1048576
2,3,15,8309.76,1048576
2,3,15,12028.08,1048576
2,3,15,8070.98,1048576
2,3,15,9727.37,1048576
2,3,15,10739.35,1048576
2,3,15,9312.65,1048576
2,3,15,7244.26,1048576
2,3,15,11795.26,1048576
2,3,15,10246.01,1048576
2,3,15,9215.26,1048576
2,3,15,10494.52,1048576
2,3,15,7476.38,1048576
2,4,14,5909.43,1048576
2,4,14,5032.14,1048576
2,4,14,4052.14,1048576
2,4,14,4847.43,1048576
2,4,14,4363.47,1048576
2,4,14,4911.59,1048576
2,4,14,5019.75,1048576
2,4,14,5195.03,1048576
2,4,14,6100.70,1048576
2,4,14,4441.81,1048576
2,4,14,4896.66,1048576
2,4,14,4261.45,1048576
2,4,14,5065.84,1048576
2,4,14,5788.04,1048576
2,4,14,6141.94,1048576
2,4,14,5506.08,1048576
2,4,14,5962.11,1048576
2,4,14,5546.19,1048576
2,4,14,5556.86,1048576
2,4,14,4267.45,1048576
2,5,13,2779.80,1048576
2,5,13,2695.85,1048576
2,5,13,3286.23,1048576
2,5,13,3419.15,1048576
2,5,13,3191.45,1048576
2,5,13,3830.53,1048576
2,5,13,2584.48,1048576
2,5,13,2729.61,1048576
2,5,13,2813.04,1048576
2,5,13,3216.30,1048576
2,5,13,3140.98,1048576
2,5,13,3160.14,1048576
2,5,13,3350.60,1048576
2,5,13,2647.43,1048576
2,5,13,2549.43,1048576
2,5,13,2725.34,1048576
2,5,13,2779.95,1048576
2,5,13,3938.08,1048576
2,5,13,4019.09,1048576
2,5,13,3372.81,1048576
2,6,12,2115.12,1048576
2,6,12,2382.24,1048576
2,6,12,2157.18,1048576
2,6,12,1783.76,1048576
2,6,12,2651.29,1048576
2,6,12,2486.07,1048576
2,6,12,1943.06,1048576
2,6,12,2366.07,1048576
2,6,12,2327.21,1048576
2,6,12,2421.13,1048576
2,6,12,2613.17,1048576
2,6,12,1886.57,1048576
2,6,12,2231.75,1048576
2,6,12,2649.17,1048576
2,6,12,2602.92,1048576
2,6,12,2076.00,1048576
2,6,12,1768.76,1048576
2,6,12,2229.97,1048576
2,6,12,2039.99,1048576
2,6,12,2074.70,1048576
2,7,11,1477.02,1048576
2,7,11,1759.36,1048576
2,7,11,1443.46,1048576
2,7,11,1584.56,1048576
2,7,11,1762.53,1048576
2,7,11,1555.60,1048576
2,7,11,1439.55,1048576
2,7,11,1428.95,1048576
2,7,11,1487.18,1048576
2,7,11,1682.29,1048576
2,7,11,1606.61,1048576
2,7,11,1660.50,1048576
2,7,11,1446.90,1048576
2,7,11,1539.72,1048576
2,7,11,1558.91,1048576
2,7,11,1642.57,1048576
2,7,11,1456.22,1048576
2,7,11,1574.63,1048576
2,7,11,1760.94,1048576
2,7,11,1526.29,1048576
2,8,10,1347.45,1048576
2,8,10,1529.06,1048576
2,8,10,1507.04,1048576
2,8,10,1342.72,1048576
2,8,10,1214.19,1048576
2,8,10,1384.68,1048576
2,8,10,1304.81,1048576
2,8,10,1360.45,1048576
2,8,10,1363.30,1048576
2,8,10,1287.42,1048576
2,8,10,1392.28,1048576
2,8,10,1410.80,1048576
2,8,10,1339.38,1048576
2,8,10,1242.06,1048576
2,8,10,1373.66,1048576
2,8,10,1440.46,1048576
2,8,10,1368.14,1048576
2,8,10,1308.91,1048576
2,8,10,1244.19,1048576
2,8,10,1297.73,1048576
3,0,17,66476.84,1048576
3,0,17,55898.09,1048576
3,0,17,77225.74,1048576
3,0,17,64884.45,1048576
3,0,17,84798.54,1048576
3,0,17,58627.82,1048576
3,0,17,66296.67,1048576
3,0,17,78070.79,1048576
3,0,17,69862.79,1048576
3,0,17,61188.22,1048576
3,0,17,73282.61,1048576
3,0,17,89689.26,1048576
3,0,17,67891.84,1048576
3,0,17,63095.74,1048576
3,0,17,73082.49,1048576
3,0,17,72459.60,1048576
3,0,17,91901.24,1048576
3,0,17,63538.63,1048576
3,0,17,65414.46,1048576
3,0,17,68455.23,1048576
3,1,16,35041.34,1048576
3,1,16,32761.19,1048576
3,1,16,37844.52,1048576
3,1,16,41682.57,1048576
3,1,16,39336.01,1048576
3,1,16,34204.77,1048576
3,1,16,29510.17,1048576
3,1,16,34636.73,1048576
3,1,16,43311.01,1048576
3,1,16,32835.19,1048576
3,1,16,29068.07,1048576
3,1,16,45664.33,1048576
3,1,16,28777.56,1048576
3,1,16,29198.74,1048576
3,1,16,39017.69,1048576
3,1,16,28122.10,1048576
3,1,16,28706.52,1048576
3,1,16,39035.89,1048576
3,1,16,32400.42,1048576
3,1,16,42756.89,1048576
3,2,15,20267.28,1048576
3,2,15,20812.08,1048576
3,2,15,14558.41,1048576
3,2,15,16539.19,1048576
3,2,15,21320.03,1048576
3,2,15,16209.99,1048576
3,2,15,21721.72,1048576
3,2,15,24876.53,1048576
3,2,15,15416.79,1048576
3,2,15,15491.56,1048576
3,2,15,15904.36,1048576
3,2,15,17009.85,1048576
3,2,15,17990.93,1048576
3,2,15,21148.48,1048576
3,2,15,14386.77,1048576
3,2,15,21816.54,1048576
3,2,15,21322.07,1048576
3,2,15,17902.99,1048576
3,2,15,16264.56,1048576
3,2,15,21629.99,1048576
3,3,14,10034.47,1048576
3,3,14,8412.99,1048576
3,3,14,10688.31,1048576
3,3,14,10606.88,1048576
3,3,14,8094.19,1048576
3,3,14,7846.05,1048576
3,3,14,9518.55,1048576
3,3,14,10460.55,1048576
3,3,14,9740.84,1048576
3,3,14,7939.93,1048576
3,3,14,12272.03,1048576
3,3,14,10769.91,1048576
3,3,14,10553.75,1048576
3,3,14,8658.12,1048576
3,3,14,9706.04,1048576
3,3,14,10587.26,1048576
3,3,14,8779.70,1048576
3,3,14,12908.05,1048576
3,3,14,8116.89,1048576
3,3,14,9145.27,1048576
3,4,13,4446.81,1048576
3,4,13,5243.63,1048576
3,4,13,6643.53,1048576
3,4,13,5161.81,1048576
3,4,13,6694.53,1048576
3,4,13,5849.84,1048576
3,4,13,6049.22,1048576
3,4,13,4196.20,1048576
3,4,13,6058.98,1048576
3,4,13,6576.43,1048576
3,4,13,4852.44,1048576
3,4,13,4860.15,1048576
3,4,13,6829.42,1048576
3,4,13,6854.53,1048576
3,4,13,6968.18,1048576
3,4,13,5399.27,1048576
3,4,13,5304.76,1048576
3,4,13,4698.89,1048576
3,4,13,5683.94,1048576
3,4,13,6306.25,1048576
3,5,12,3419.81,1048576
3,5,12,2868.05,1048576
3,5,12,3151.39,1048576
3,5,12,3261.32,1048576
3,5,12,3556.25,1048576
3,5,12,2851.21,1048576
3,5,12,3827.05,1048576
3,5,12,3444.25,1048576
3,5,12,3051.29,1048576
3,5,12,4014.47,1048576
3,5,12,3135.38,1048576
3,5,12,3273.97,1048576
3,5,12,3789.66,1048576
3,5,12,3330.61,1048576
3,5,12,3148.91,1048576
3,5,12,2705.29,1048576
3,5,12,3776.87,1048576
3,5,12,4129.53,1048576
3,5,12,3691.82,1048576
3,5,12,3445.62,1048576
3,6,11,1984.79,1048576
3,6,11,2550.73,1048576
3,6,11,2336.80,1048576
3,6,11,2595.90,1048576
3,6,11,2730.66,1048576
3,6,11,2082.63,1048576
3,6,11,1860.81,1048576
3,6,11,1980.58,1048576
3,6,11,1909.87,1048576
3,6,11,1974.24,1048576
3,6,11,2746.05,1048576
3,6,11,2172.47,1048576
3,6,11,2284.11,1048576
3,6,11,2370.06,1048576
3,6,11,2317.88,1048576
3,6,11,2246.11,1048576
3,6,11,1977.21,1048576
3,6,11,2140.41,1048576
3,6,11,2206.89,1048576
3,6,11,1843.39,1048576
3,7,10,1477.85,1048576
3,7,10,1743.95,1048576
3,7,10,1703.14,1048576
3,7,10,1722.57,1048576
3,7,10,1469.96,1048576
3,7,10,1702.69,1048576
3,7,10,1740.56,1048576
3,7,10,1550.99,1048576
3,7,10,1518.98,1048576
3,7,10,1769.93,1048576
3,7,10,1503.36,1048576
3,7,10,1561.39,1048576
3,7,10,1563.69,1048576
3,7,10,1717.23,1048576
3,7,10,1494.25,1048576
3,7,10,1707.12,1048576
3,7,10,1569.09,1048576
3,7,10,1742.67,1048576
3,7,10,1604.44,1048576
3,7,10,1556.23,1048576
3,8,9,1327.76,1048576
3,8,9,1349.59,1048576
3,8,9,1265.96,1048576
3,8,9,1316.20,1048576
3,8,9,1360.57,1048576
3,8,9,1327.88,1048576
3,8,9,1255.13,1048576
3,8,9,1305.89,1048576
3,8,9,1271.70,1048576
3,8,9,1444.25,1048576
3,8,9,1213.17,1048576
3,8,9,1301.86,1048576
3,8,9,1296.67,1048576
3,8,9,1368.17,1048576
3,8,9,1378.37,1048576
3,8,9,1417.85,1048576
3,8,9,1257.42,1048576
3,8,9,1239.28,1048576
3,8,9,1376.26,1048576
3,8,9,1388.37,1048576
4,0,16,77993.57,1048576
4,0,16,84022.73,1048576
4,0,16,83877.84,1048576
4,0,16,86989.01,1048576
4,0,16,71491.56,1048576
4,0,16,77713.62,1048576
4,0,16,70260.34,1048576
4,0,16,94416.42,1048576
4,0,16,71158.50,1048576
4,0,16,62408.51,1048576
4,0,16,63770.26,1048576
4,0,16,74334.75,1048576
4,0,16,60428.27,1048576
4,0,16,64150.41,1048576
4,0,16,80893.70,1048576
4,0,16,78562.02,1048576
4,0,16,74681.77,1048576
4,0,16,85253.22,1048576
4,0,16,63704.32,1048576
4,0,16,80366.29,1048576
4,1,15,39603.62,1048576
4,1,15,27213.44,1048576
4,1,15,34405.17,1048576
4,1,15,40123.93,1048576
4,1,15,44701.73,1048576
4,1,15,35424.15,1048576
4,1,15,30153.70,1048576
4,1,15,37667.88,1048576
4,1,15,36544.09,1048576
4,1,15,45500.54,1048576
4,1,15,36596.17,1048576
4,1,15,29982.51,1048576
4,1,15,42141.54,1048576
4,1,15,38381.94,1048576
4,1,15,41374.55,1048576
4,1,15,39686.60,1048576
4,1,15,44706.58,1048576
4,1,15,44548.01,1048576
4,1,15,39880.26,1048576
4,1,15,35880.82,1048576
4,2,14,18930.92,1048576
4,2,14,17960.76,1048576
4,2,14,20547.42,1048576
4,2,14,22269.88,1048576
4,2,14,15773.25,1048576
4,2,14,21490.41,1048576
4,2,14,22971.90,1048576
4,2,14,17743.83,1048576
4,2,14,24766.81,1048576
4,2,14,17366.74,1048576
4,2,14,19358.03,1048576
4,2,14,17040.68,1048576
4,2,14,21335.41,1048576
4,2,14,22102.61,1048576
4,2,14,19631.65,1048576
4,2,14,17462.95,1048576
4,2,14,24567.51,1048576
4,2,14,26742.84,1048576
4,2,14,23179.06,1048576
4,2,14,16654.04,1048576
4,3,13,11865.88,1048576
4,3,13,10705.08,1048576
4,3,13,9798.54,1048576
4,3,13,12880.34,1048576
4,3,13,8372.75,1048576
4,3,13,8475.60,1048576
4,3,13,9307.26,1048576
4,3,13,10798.76,1048576
4,3,13,10018.69,1048576
4,3,13,8307.26,1048576
4,3,13,8465.23,1048576
4,3,13,8896.18,1048576
4,3,13,8713.76,1048576
4,3,13,9336.72,1048576
4,3,13,9474.94,1048576
4,3,13,8869.86,1048576
4,3,13,9418.01,1048576
4,3,13,11201.86,1048576
4,3,13,8830.14,1048576
4,3,13,10555.51,1048576
4,4,12,6360.22,1048576
4,4,12,6049.44,1048576
4,4,12,5837.39,1048576
4,4,12,5214.64,1048576
4,4,12,4994.12,1048576
4,4,12,5217.28,1048576
4,4,12,5836.01,1048576
4,4,12,6697.11,1048576
4,4,12,6468.29,1048576
4,4,12,5688.43,1048576
4,4,12,4600.81,1048576
4,4,12,6201.49,1048576
4,4,12,5070.30,1048576
4,4,12,5128.42,1048576
4,4,12,5294.36,1048576
4,4,12,6607.72,1048576
4,4,12,6028.56,1048576
4,4,12,5980.46,1048576
4,4,12,6179.10,1048576
4,4,12,6317.23,1048576
4,5,11,4334.29,1048576
4,5,11,3968.77,1048576
4,5,11,3889.02,1048576
4,5,11,3329.63,1048576
4,5,11,3361.06,1048576
4,5,11,3249.76,1048576
4,5,11,3519.31,1048576
4,5,11,2836.12,1048576
4,5,11,3733.34,1048576
4,5,11,3011.97,1048576
4,5,11,3760.36,1048576
4,5,11,3200.58,1048576
4,5,11,4235.77,1048576
4,5,11,3091.19,1048576
4,5,11,3558.76,1048576
4,5,11,3842.07,1048576
4,5,11,3243.78,1048576
4,5,11,3025.53,1048576
4,5,11,3994.62,1048576
4,5,11,3883.85,1048576
4,6,10,2357.47,1048576
4,6,10,2487.80,1048576
4,6,10,2488.12,1048576
4,6,10,2632.93,1048576
4,6,10,2448.89,1048576
4,6,10,1941.23,1048576
4,6,10,2061.37,1048576
4,6,10,2220.87,1048576
4,6,10,2268.55,1048576
4,6,10,2139.30,1048576
4,6,10,2098.30,1048576
4,6,10,2192.04,1048576
4,6,10,2350.17,1048576
4,6,10,2096.73,1048576
4,6,10,2287.76,1048576
4,6,10,2291.26,1048576
4,6,10,2437.94,1048576
4,6,10,1876.36,1048576
4,6,10,1925.44,1048576
4,6,10,2455.46,1048576
4,7,9,1827.19,1048576
4,7,9,1767.96,1048576
4,7,9,1664.77,1048576
4,7,9,1638.68,1048576
4,7,9,1606.29,1048576
4,7,9,1815.74,1048576
4,7,9,1788.91,1048576
4,7,9,1620.73,1048576
4,7,9,1691.66,1048576
4,7,9,2039.63,1048576
4,7,9,1831.53,1048576
4,7,9,1619.05,1048576
4,7,9,1624.35,1048576
4,7,9,1888.51,1048576
4,7,9,1698.28,1048576
4,7,9,1726.22,1048576
4,7,9,1694.19,1048576
4,7,9,1816.17,1048576
4,7,9,1802.72,1048576
4,7,9,1932.03,1048576
4,8,8,1370.54,1048576
4,8,8,1407.45,1048576
4,8,8,1447.68,1048576
4,8,8,1388.80,1048576
4,8,8,1428.32,1048576
4,8,8,1480.09,1048576
4,8,8,1374.73,1048576
4,8,8,1464.98,1048576
4,8,8,1543.40,1048576
4,8,8,1391.58,1048576
4,8,8,1479.21,1048576
4,8,8,1457.42,1048576
4,8,8,1399.38,1048576
4,8,8,1445.22,1048576
4,8,8,1424.28,1048576
4,8,8,1453.14,1048576
4,8,8,1407.89,1048576
4,8,8,1462.45,1048576
4,8,8,1484.51,1048576
4,8,8,1388.33,1048576
5,0,15,74159.15,1048576
5,0,15,81922.38,1048576
5,0,15,93684.94,1048576
5,0,15,67858.95,1048576
5,0,15,56147.98,1048576
5,0,15,71293.50,1048576
5,0,15,93231.94,1048576
5,0,15,70918.31,1048576
5,0,15,60947.00,1048576
5,0,15,69557.43,1048576
5,0,15,94920.40,1048576
5,0,15,86916.29,1048576
5,0,15,69980.62,1048576
5,0,15,94180.72,1048576
5,0,15,86134.10,1048576
5,0,15,83114.83,1048576
5,0,15,67439.21,1048576
5,0,15,66677.26,1048576
5,0,15,79294.08,1048576
5,0,15,57323.27,1048576
5,1,14,33228.42,1048576
5,1,14,41885.60,1048576
5,1,14,40213.75,1048576
5,1,14,44836.92,1048576
5,1,14,44148.84,1048576
5,1,14,34617.43,1048576
5,1,14,38019.90,1048576
5,1,14,42200.89,1048576
5,1,14,51388.90,1048576
5,1,14,42650.20,1048576
5,1,14,34541.50,1048576
5,1,14,42487.63,1048576
5,1,14,45578.54,1048576
5,1,14,35419.71,1048576
5,1,14,45301.05,1048576
5,1,14,41438.79,1048576
5,1,14,45299.02,1048576
5,1,14,37258.32,1048576
5,1,14,42345.01,1048576
5,1,14,33400.92,1048576
5,2,13,18549.95,1048576
5,2,13,21143.89,1048576
5,2,13,16666.18,1048576
5,2,13,17691.21,1048576
5,2,13,17700.81,1048576
5,2,13,21604.97,1048576
5,2,13,22899.11,1048576
5,2,13,17697.25,1048576
5,2,13,21915.90,1048576
5,2,13,16384.10,1048576
5,2,13,21941.42,1048576
5,2,13,22079.27,1048576
5,2,13,21774.41,1048576
5,2,13,21180.55,1048576
5,2,13,21694.42,1048576
5,2,13,16724.88,1048576
5,2,13,18994.62,1048576
5,2,13,15800.47,1048576
5,2,13,17760.72,1048576
5,2,13,16720.35,1048576
5,3,12,13303.41,1048576
5,3,12,11103.57,1048576
5,3,12,11581.45,1048576
5,3,12,10760.33,1048576
5,3,12,10518.40,1048576
5,3,12,13114.94,1048576
5,3,12,9628.40,1048576
5,3,12,10436.00,1048576
5,3,12,10742.81,1048576
5,3,12,10950.75,1048576
5,3,12,12203.07,1048576
5,3,12,10526.43,1048576
5,3,12,9061.12,1048576
5,3,12,9707.45,1048576
5,3,12,10191.94,1048576
5,3,12,12146.18,1048576
5,3,12,12278.47,1048576
5,3,12,8703.43,1048576
5,3,12,9921.98,1048576
5,3,12,10314.68,1048576
5,4,11,6087.28,1048576
5,4,11,6764.06,1048576
5,4,11,5404.39,1048576
5,4,11,5766.85,1048576
5,4,11,5149.96,1048576
5,4,11,4909.45,1048576
5,4,11,7368.25,1048576
5,4,11,6369.16,1048576
5,4,11,5785.32,1048576
5,4,11,5526.14,1048576
5,4,11,5915.44,1048576
5,4,11,6134.63,1048576
5,4,11,5992.93,1048576
5,4,11,4953.42,1048576
5,4,11,6605.35,1048576
5,4,11,6246.45,1048576
5,4,11,5872.27,1048576
5,4,11,6186.20,1048576
5,4,11,6799.44,1048576
5,4,11,7231.43,1048576
5,5,10,3689.49,1048576
5,5,10,2920.44,1048576
5,5,10,3184.24,1048576
5,5,10,3248.54,1048576
5,5,10,4141.05,1048576
5,5,10,2912.77,1048576
5,5,10,3866.14,1048576
5,5,10,3521.89,1048576
5,5,10,3940.16,1048576
5,5,10,3442.82,1048576
5,5,10,3641.18,1048576
5,5,10,3900.92,1048576
5,5,10,3868.81,1048576
5,5,10,3841.69,1048576
5,5,10,4118.53,1048576
5,5,10,3759.59,1048576
5,5,10,3816.84,1048576
5,5,10,3985.07,1048576
5,5,10,3692.48,1048576
5,5,10,3868.40,1048576
5,6,9,2336.09,1048576
5,6,9,2290.04,1048576
5,6,9,2632.99,1048576
5,6,9,2047.13,1048576
5,6,9,2443.43,1048576
5,6,9,2508.91,1048576
5,6,9,2344.20,1048576
5,6,9,2479.23,1048576
5,6,9,2024.68,1048576
5,6,9,2177.23,1048576
5,6,9,2075.52,1048576
5,6,9,2225.51,1048576
5,6,9,2476.34,1048576
5,6,9,2163.49,1048576
5,6,9,2452.37,1048576
5,6,9,2450.01,1048576
5,6,9,2701.34,1048576
5,6,9,2303.70,1048576
5,6,9,2396.84,1048576
5,6,9,2259.34,1048576
5,7,8,1705.68,1048576
5,7,8,1825.74,1048576
5,7,8,1545.03,1048576
5,7,8,1964.58,1048576
5,7,8,1813.35,1048576
5,7,8,1647.58,1048576
5,7,8,1729.76,1048576
5,7,8,1706.48,1048576
5,7,8,1612.13,1048576
5,7,8,1790.93,1048576
5,7,8,1759.70,1048576
5,7,8,1739.11,1048576
5,7,8,1763.07,1048576
5,7,8,1649.03,1048576
5,7,8,1738.79,1048576
5,7,8,1667.27,1048576
5,7,8,1532.88,1048576
5,7,8,1721.92,1048576
5,7,8,1463.15,1048576
5,7,8,1690.13,1048576
5,8,7,1315.96,1048576
5,8,7,1375.51,1048576
5,8,7,1411.66,1048576
5,8,7,1463.28,1048576
5,8,7,1388.93,1048576
5,8,7,1350.53,1048576
5,8,7,1412.43,1048576
5,8,7,1337.16,1048576
5,8,7,1354.69,1048576
5,8,7,1358.76,1048576
5,8,7,1337.41,1048576
5,8,7,1316.51,1048576
5,8,7,1336.18,1048576
5,8,7,1313.63,1048576
5,8,7,1446.62,1048576
5,8,7,1308.91,1048576
5,8,7,1385.59,1048576
5,8,7,1330.70,1048576
5,8,7,1294.95,1048576
5,8,7,1473.16,1048576
6,0,14,82719.63,1048576
6,0,14,66475.79,1048576
6,0,14,80598.73,1048576
6,0,14,76058.93,1048576
6,0,14,68984.99,1048576
6,0,14,76068.87,1048576
6,0,14,65155.40,1048576
6,0,14,68948.51,1048576
6,0,14,97265.12,1048576
6,0,14,84557.89,1048576
6,0,14,88424.11,1048576
6,0,14,67472.49,1048576
6,0,14,86030.37,1048576
6,0,14,65932.40,1048576
6,0,14,79838.85,1048576
6,0,14,74781.99,1048576
6,0,14,86746.07,1048576
6,0,14,97244.84,1048576
6,0,14,96851.21,1048576
6,0,14,76406.93,1048576
6,1,13,34957.63,1048576
6,1,13,45992.78,1048576
6,1,13,46389.02,1048576
6,1,13,47718.93,1048576
6,1,13,40059.92,1048576
6,1,13,35491.18,1048576
6,1,13,50334.85,1048576
6,1,13,37077.12,1048576
6,1,13,40126.01,1048576
6,1,13,33563.03,1048576
6,1,13,44844.23,1048576
6,1,13,38088.19,1048576
6,1,13,33365.15,1048576
6,1,13,51545.74,1048576
6,1,13,43038.85,1048576
6,1,13,48222.16,1048576
6,1,13,35389.28,1048576
6,1,13,49179.97,1048576
6,1,13,39524.55,1048576
6,1,13,45144.12,1048576
6,2,12,20630.66,1048576
6,2,12,22664.88,1048576
6,2,12,23996.13,1048576
6,2,12,23058.93,1048576
6,2,12,19331.77,1048576
6,2,12,18560.17,1048576
6,2,12,17930.73,1048576
6,2,12,23417.23,1048576
6,2,12,20141.34,1048576
6,2,12,21009.73,1048576
6,2,12,26975.02,1048576
6,2,12,26451.48,1048576
6,2,12,24800.06,1048576
6,2,12,22471.26,1048576
6,2,12,25906.56,1048576
6,2,12,26773.15,1048576
6,2,12,25536.71,1048576
6,2,12,21948.78,1048576
6,2,12,19920.75,1048576
6,2,12,21324.58,1048576
6,3,11,11180.14,1048576
6,3,11,10173.90,1048576
6,3,11,13285.49,1048576
6,3,11,13086.34,1048576
6,3,11,10187.12,1048576
6,3,11,12420.14,1048576
6,3,11,11227.46,1048576
6,3,11,10524.54,1048576
6,3,11,13722.37,1048576
6,3,11,12473.94,1048576
6,3,11,12949.52,1048576
6,3,11,13886.05,1048576
6,3,11,12583.41,1048576
6,3,11,10349.20,1048576
6,3,11,11073.70,1048576
6,3,11,10383.49,1048576
6,3,11,10489.83,1048576
6,3,11,11934.80,1048576
6,3,11,11002.40,1048576
6,3,11,10508.15,1048576
6,4,10,7113.77,1048576
6,4,10,6635.89,1048576
6,4,10,6806.85,1048576
6,4,10,6490.98,1048576
6,4,10,6358.76,1048576
6,4,10,6228.44,1048576
6,4,10,6486.53,1048576
6,4,10,6007.30,1048576
6,4,10,6706.10,1048576
6,4,10,7335.95,1048576
6,4,10,7016.57,1048576
6,4,10,7418.15,1048576
6,4,10,8160.33,1048576
6,4,10,7274.09,1048576
6,4,10,7544.98,1048576
6,4,10,6719.53,1048576
6,4,10,6773.21,1048576
6,4,10,7058.49,1048576
6,4,10,6408.15,1048576
6,4,10,6622.16,1048576
6,5,9,4089.41,1048576
6,5,9,3733.10,1048576
6,5,9,4143.87,1048576
6,5,9,3432.96,1048576
6,5,9,4037.36,1048576
6,5,9,3876.57,1048576
6,5,9,3535.56,1048576
6,5,9,4487.71,1048576
6,5,9,4279.32,1048576
6,5,9,4277.64,1048576
6,5,9,3947.48,1048576
6,5,9,4144.11,1048576
6,5,9,3938.44,1048576
6,5,9,3546.21,1048576
6,5,9,3996.92,1048576
6,5,9,3708.96,1048576
6,5,9,4068.12,1048576
6,5,9,3986.12,1048576
6,5,9,4186.26,1048576
6,5,9,3980.15,1048576
6,6,8,2913.02,1048576
6,6,8,2430.49,1048576
6,6,8,2375.48,1048576
6,6,8,2766.21,1048576
6,6,8,2621.47,1048576
6,6,8,2432.53,1048576
6,6,8,2285.62,1048576
6,6,8,2637.31,1048576
6,6,8,2571.95,1048576
6,6,8,2799.22,1048576
6,6,8,2759.81,1048576
6,6,8,2610.84,1048576
6,6,8,2687.50,1048576
6,6,8,2527.76,1048576
6,6,8,2718.09,1048576
6,6,8,2836.04,1048576
6,6,8,2325.13,1048576
6,6,8,2646.34,1048576
6,6,8,2576.97,1048576
6,6,8,2558.00,1048576
6,7,7,1727.68,1048576
6,7,7,1888.09,1048576
6,7,7,2009.18,1048576
6,7,7,1999.91,1048576
6,7,7,1766.24,1048576
6,7,7,2175.90,1048576
6,7,7,1899.63,1048576
6,7,7,1837.27,1048576
6,7,7,1826.75,1048576
6,7,7,1884.51,1048576
6,7,7,1820.75,1048576
6,7,7,1854.65,1048576
6,7,7,1800.51,1048576
6,7,7,1767.02,1048576
6,7,7,1746.05,1048576
6,7,7,1868.64,1048576
6,7,7,1792.55,1048576
6,7,7,1878.87,1048576
6,7,7,1850.90,1048576
6,7,7,1883.13,1048576
6,8,6,1500.33,1048576
6,8,6,1682.63,1048576
6,8,6,1504.99,1048576
6,8,6,1483.84,1048576
6,8,6,1489.94,1048576
6,8,6,1539.91,1048576
6,8,6,1476.61,1048576
6,8,6,1559.05,1048576
6,8,6,1420.96,1048576
6,8,6,1492.12,1048576
6,8,6,1468.98,1048576
6,8,6,1424.52,1048576
6,8,6,1428.50,1048576
6,8,6,1466.80,1048576
6,8,6,1415.45,1048576
6,8,6,1434.65,1048576
6,8,6,1421.88,1048576
6,8,6,1512.83,1048576
6,8,6,1453.42,1048576
6,8,6,1423.37,1048576
7,0,13,92301.37,1048576
7,0,13,82902.82,1048576
7,0,13,85672.60,1048576
7,0,13,85061.43,1048576
7,0,13,64485.27,1048576
7,0,13,88173.46,1048576
7,0,13,93992.62,1048576
7,0,13,96817.59,1048576
7,0,13,94578.16,1048576
7,0,13,92110.35,1048576
7,0,13,78115.04,1048576
7,0,13,64764.25,1048576
7,0,13,71061.18,1048576
7,0,13,84112.26,1048576
7,0,13,88491.18,1048576
7,0,13,88925.74,1048576
7,0,13,89098.56,1048576
7,0,13,105924.18,1048576
7,0,13,85021.29,1048576
7,0,13,77879.12,1048576
7,1,12,44342.55,1048576
7,1,12,37216.63,1048576
7,1,12,33892.12,1048576
7,1,12,47406.06,1048576
7,1,12,41568.94,1048576
7,1,12,34271.54,1048576
7,1,12,46095.64,1048576
7,1,12,49684.61,1048576
7,1,12,41439.30,1048576
7,1,12,50440.39,1048576
7,1,12,48910.52,1048576
7,1,12,41920.27,1048576
7,1,12,48017.40,1048576
7,1,12,42204.93,1048576
7,1,12,34206.84,1048576
7,1,12,45098.19,1048576
7,1,12,34261.44,1048576
7,1,12,43044.99,1048576
7,1,12,50452.38,1048576
7,1,12,49157.67,1048576
7,2,11,22048.64,1048576
7,2,11,24063.31,1048576
7,2,11,27136.24,1048576
7,2,11,22251.56,1048576
7,2,11,25302.47,1048576
7,2,11,21671.61,1048576
7,2,11,19885.32,1048576
7,2,11,24840.68,1048576
7,2,11,21289.06,1048576
7,2,11,20139.18,1048576
7,2,11,24586.99,1048576
7,2,11,20999.29,1048576
7,2,11,21755.57,1048576
7,2,11,18477.93,1048576
7,2,11,22650.73,1048576
7,2,11,24427.46,1048576
7,2,11,25396.51,1048576
7,2,11,24047.26,1048576
7,2,11,26207.31,1048576
7,2,11,26365.72,1048576
7,3,10,13405.46,1048576
7,3,10,13879.00,1048576
7,3,10,11486.91,1048576
7,3,10,11767.73,1048576
7,3,10,10976.36,1048576
7,3,10,12322.54,1048576
7,3,10,11419.35,1048576
7,3,10,12338.26,1048576
7,3,10,11771.85,1048576
7,3,10,13492.28,1048576
7,3,10,12700.81,1048576
7,3,10,13127.66,1048576
7,3,10,13191.12,1048576
7,3,10,11659.31,1048576
7,3,10,10471.37,1048576
7,3,10,11895.77,1048576
7,3,10,11575.65,1048576
7,3,10,11877.37,1048576
7,3,10,12042.60,1048576
7,3,10,13208.12,1048576
7,4,9,6785.89,1048576
7,4,9,6740.05,1048576
7,4,9,6903.46,1048576
7,4,9,6293.40,1048576
7,4,9,6585.11,1048576
7,4,9,5994.66,1048576
7,4,9,6649.25,1048576
7,4,9,7263.63,1048576
7,4,9,5342.76,1048576
7,4,9,7107.73,1048576
7,4,9,7405.09,1048576
7,4,9,6854.47,1048576
7,4,9,7446.50,1048576
7,4,9,6408.65,1048576
7,4,9,7369.64,1048576
7,4,9,6929.95,1048576
7,4,9,6930.03,1048576
7,4,9,7295.43,1048576
7,4,9,6684.39,1048576
7,4,9,7133.71,1048576
7,5,8,4055.40,1048576
7,5,8,4137.19,1048576
7,5,8,4203.18,1048576
7,5,8,4216.51,1048576
7,5,8,4297.22,1048576
7,5,8,3589.97,1048576
7,5,8,4342.53,1048576
7,5,8,3856.64,1048576
7,5,8,3681.06,1048576
7,5,8,3838.56,1048576
7,5,8,4337.99,1048576
7,5,8,5170.73,1048576
7,5,8,4145.65,1048576
7,5,8,4178.01,1048576
7,5,8,3931.70,1048576
7,5,8,4259.12,1048576
7,5,8,4125.84,1048576
7,5,8,4025.23,1048576
7,5,8,4273.06,1048576
7,5,8,4116.06,1048576
7,6,7,2678.06,1048576
7,6,7,2622.65,1048576
7,6,7,2700.74,1048576
7,6,7,2755.26,1048576
7,6,7,2870.59,1048576
7,6,7,2417.64,1048576
7,6,7,2818.26,1048576
7,6,7,2343.93,1048576
7,6,7,2485.84,1048576
7,6,7,2586.97,1048576
7,6,7,3494.85,1048576
7,6,7,2576.74,1048576
7,6,7,2605.77,1048576
7,6,7,3014.41,1048576
7,6,7,2785.01,1048576
7,6,7,2506.25,1048576
7,6,7,2728.78,1048576
7,6,7,3032.38,1048576
7,6,7,2642.16,1048576
7,6,7,3091.98,1048576
7,7,6,1938.89,1048576
7,7,6,1956.09,1048576
7,7,6,1835.29,1048576
7,7,6,1904.20,1048576
7,7,6,2056.24,1048576
7,7,6,1993.22,1048576
7,7,6,1999.98,1048576
7,7,6,1859.60,1048576
7,7,6,2028.02,1048576
7,7,6,1921.36,1048576
7,7,6,1940.19,1048576
7,7,6,1845.27,1048576
7,7,6,1929.99,1048576
7,7,6,1923.83,1048576
7,7,6,2021.12,1048576
7,7,6,1943.39,1048576
7,7,6,1900.13,1048576
7,7,6,2293.06,1048576
7,7,6,1764.72,1048576
7,7,6,1861.46,1048576
7,8,5,1399.52,1048576
7,8,5,1487.55,1048576
7,8,5,1514.49,1048576
7,8,5,1516.80,1048576
7,8,5,1396.47,1048576
7,8,5,1385.75,1048576
7,8,5,1395.56,1048576
7,8,5,1406.98,1048576
7,8,5,1474.89,1048576
7,8,5,1459.15,1048576
7,8,5,1410.69,1048576
7,8,5,1433.16,1048576
7,8,5,1441.82,1048576
7,8,5,1722.87,1048576
7,8,5,1546.60,1048576
7,8,5,1363.44,1048576
7,8,5,1393.12,1048576
7,8,5,1551.52,1048576
7,8,5,1415.86,1048576
7,8,5,1354.12,1048576
8,0,12,80286.80,1048576
8,0,12,101796.34,1048576
8,0,12,82431.40,1048576
8,0,12,116739.21,1048576
8,0,12,128880.25,1048576
8,0,12,101933.16,1048576
8,0,12,101382.45,1048576
8,0,12,92606.68,1048576
8,0,12,111482.43,1048576
8,0,12,70172.80,1048576
8,0,12,93591.56,1048576
8,0,12,107267.37,1048576
8,0,12,94838.71,1048576
8,0,12,100209.53,1048576
8,0,12,108610.64,1048576
8,0,12,75170.13,1048576
8,0,12,89731.85,1048576
8,0,12,81831.40,1048576
8,0,12,75477.73,1048576
8,0,12,105806.27,1048576
8,1,11,50835.05,1048576
8,1,11,50819.34,1048576
8,1,11,52396.15,1048576
8,1,11,41472.29,1048576
8,1,11,39818.35,1048576
8,1,11,53039.88,1048576
8,1,11,44026.86,1048576
8,1,11,52015.84,1048576
8,1,11,52370.59,1048576
8,1,11,45639.44,1048576
8,1,11,39797.54,1048576
8,1,11,49300.00,1048576
8,1,11,52029.64,1048576
8,1,11,40664.72,1048576
8,1,11,43580.94,1048576
8,1,11,40040.49,1048576
8,1,11,48472.62,1048576
8,1,11,48718.23,1048576
8,1,11,46070.91,1048576
8,1,11,48189.84,1048576
8,2,10,24081.06,1048576
8,2,10,26940.01,1048576
8,2,10,22925.54,1048576
8,2,10,25890.71,1048576
8,2,10,24999.35,1048576
8,2,10,25200.17,1048576
8,2,10,24497.98,1048576
8,2,10,26050.24,1048576
8,2,10,26061.78,1048576
8,2,10,25688.47,1048576
8,2,10,25833.52,1048576
8,2,10,25809.25,1048576
8,2,10,21570.12,1048576
8,2,10,25364.60,1048576
8,2,10,23949.26,1048576
8,2,10,23840.54,1048576
8,2,10,21056.55,1048576
8,2,10,24300.99,1048576
8,2,10,21554.76,1048576
8,2,10,27101.01,1048576
8,3,9,12310.62,1048576
8,3,9,13597.83,1048576
8,3,9,13847.59,1048576
8,3,9,12922.96,1048576
8,3,9,13963.90,1048576
8,3,9,13067.54,1048576
8,3,9,15780.30,1048576
8,3,9,13195.99,1048576
8,3,9,10230.39,1048576
8,3,9,12954.70,1048576
8,3,9,12863.43,1048576
8,3,9,12014.14,1048576
8,3,9,9970.77,1048576
8,3,9,13653.71,1048576
8,3,9,12414.27,1048576
8,3,9,12747.03,1048576
8,3,9,12878.73,1048576
8,3,9,11044.92,1048576
8,3,9,13375.54,1048576
8,3,9,13107.25,1048576
8,4,8,7075.41,1048576
8,4,8,6556.30,1048576
8,4,8,6933.44,1048576
8,4,8,6937.80,1048576
8,4,8,7269.73,1048576
8,4,8,6320.38,1048576
8,4,8,6851.54,1048576
8,4,8,6838.54,1048576
8,4,8,6457.93,1048576
8,4,8,6786.32,1048576
8,4,8,6913.82,1048576
8,4,8,7486.48,1048576
8,4,8,7026.81,1048576
8,4,8,6599.11,1048576
8,4,8,7856.16,1048576
8,4,8,6164.35,1048576
8,4,8,6455.65,1048576
8,4,8,6943.84,1048576
8,4,8,5502.18,1048576
8,4,8,6889.81,1048576
8,5,7,4108.88,1048576
8,5,7,4057.50,1048576
8,5,7,4101.10,1048576
8,5,7,3811.41,1048576
8,5,7,3668.21,1048576
8,5,7,3840.39,1048576
8,5,7,3863.35,1048576
8,5,7,3968.88,1048576
8,5,7,3675.29,1048576
8,5,7,3982.16,1048576
8,5,7,3875.17,1048576
8,5,7,3801.86,1048576
8,5,7,3794.31,1048576
8,5,7,4126.74,1048576
8,5,7,4181.94,1048576
8,5,7,4210.61,1048576
8,5,7,4102.04,1048576
8,5,7,3769.37,1048576
8,5,7,4084.44,1048576
8,5,7,4175.60,1048576
8,6,6,2379.44,1048576
8,6,6,2582.16,1048576
8,6,6,2542.79,1048576
8,6,6,2534.22,1048576
8,6,6,2484.34,1048576
8,6,6,2680.12,1048576
8,6,6,2517.31,1048576
8,6,6,2581.46,1048576
8,6,6,2651.66,1048576
8,6,6,2442.67,1048576
8,6,6,2498.45,1048576
8,6,6,2434.04,1048576
8,6,6,2543.51,1048576
8,6,6,2304.25,1048576
8,6,6,2470.89,1048576
8,6,6,2511.55,1048576
8,6,6,2427.08,1048576
8,6,6,2385.31,1048576
8,6,6,2211.30,1048576
8,6,6,2434.70,1048576
8,7,5,1708.71,1048576
8,7,5,1741.96,1048576
8,7,5,1692.47,1048576
8,7,5,1756.14,1048576
8,7,5,1816.45,1048576
8,7,5,1727.74,1048576
8,7,5,1792.04,1048576
8,7,5,1698.09,1048576
8,7,5,1676.25,1048576
8,7,5,1700.46,1048576
8,7,5,1693.65,1048576
8,7,5,1662.61,1048576
8,7,5,1762.07,1048576
8,7,5,1755.28,1048576
8,7,5,1746.10,1048576
8,7,5,1805.15,1048576
8,7,5,1767.75,1048576
8,7,5,1774.48,1048576
8,7,5,1689.77,1048576
8,7,5,1687.09,1048576
8,8,4,1360.57,1048576
8,8,4,1408.47,1048576
8,8,4,1383.22,1048576
8,8,4,1328.23,1048576
8,8,4,1341.89,1048576
8,8,4,1661.12,1048576
8,8,4,1622.19,1048576
8,8,4,1409.24,1048576
8,8,4,1343.94,1048576
8,8,4,1369.80,1048576
8,8,4,1362.45,1048576
8,8,4,1361.61,1048576
8,8,4,1344.96,1048576
8,8,4,1383.52,1048576
8,8,4,1419.13,1048576
8,8,4,1355.17,1048576
8,8,4,1377.40,1048576
8,8,4,1596.50,1048576
8,8,4,1429.28,1048576
8,8,4,1415.82,1048576
9,0,11,101138.22,1048576
9,0,11,101703.57,1048576
9,0,11,94259.02,1048576
9,0,11,95308.59,1048576
9,0,11,95361.47,1048576
9,0,11,78483.86,1048576
9,0,11,96807.93,1048576
9,0,11,96613.90,1048576
9,0,11,99245.48,1048576
9,0,11,95381.06,1048576
9,0,11,94714.74,1048576
9,0,11,101519.57,1048576
9,0,11,90547.61,1048576
9,0,11,94325.12,1048576
9,0,11,95278.29,1048576
9,0,11,99851.78,1048576
9,0,11,96979.93,1048576
9,0,11,98055.09,1048576
9,0,11,97731.29,1048576
9,0,11,103354.46,1048576
9,1,10,47789.00,1048576
9,1,10,52090.64,1048576
9,1,10,48660.67,1048576
9,1,10,37776.00,1048576
9,1,10,46128.34,1048576
9,1,10,43529.87,1048576
9,1,10,49115.57,1048576
9,1,10,48545.92,1048576
9,1,10,49030.49,1048576
9,1,10,52641.92,1048576
9,1,10,50441.48,1048576
9,1,10,44561.00,1048576
9,1,10,52987.95,1048576
9,1,10,49654.88,1048576
9,1,10,40875.54,1048576
9,1,10,54513.82,1048576
9,1,10,51350.10,1048576
9,1,10,47651.21,1048576
9,1,10,48012.46,1048576
9,1,10,50161.48,1048576
9,2,9,26631.26,1048576
9,2,9,27286.81,1048576
9,2,9,26612.46,1048576
9,2,9,26371.76,1048576
9,2,9,27488.40,1048576
9,2,9,25472.83,1048576
9,2,9,24434.66,1048576
9,2,9,28359.86,1048576
9,2,9,25129.56,1048576
9,2,9,26210.20,1048576
9,2,9,25644.51,1048576
9,2,9,23534.40,1048576
9,2,9,26552.85,1048576
9,2,9,26709.34,1048576
9,2,9,27464.14,1048576
9,2,9,26214.18,1048576
9,2,9,25311.09,1048576
9,2,9,27363.96,1048576
9,2,9,23826.20,1048576
9,2,9,25349.59,1048576
9,3,8,12535.90,1048576
9,3,8,13744.30,1048576
9,3,8,14343.11,1048576
9,3,8,13373.11,1048576
9,3,8,13472.31,1048576
9,3,8,13997.11,1048576
9,3,8,13789.90,1048576
9,3,8,14671.19,1048576
9,3,8,13647.99,1048576
9,3,8,13806.66,1048576
9,3,8,13306.75,1048576
9,3,8,13466.73,1048576
9,3,8,13516.85,1048576
9,3,8,14441.64,1048576
9,3,8,13567.06,1048576
9,3,8,13029.17,1048576
9,3,8,13800.78,1048576
9,3,8,13258.39,1048576
9,3,8,13070.41,1048576
9,3,8,13718.14,1048576
9,4,7,6907.94,1048576
9,4,7,7102.42,1048576
9,4,7,7551.23,1048576
9,4,7,7491.50,1048576
9,4,7,7539.91,1048576
9,4,7,7614.06,1048576
9,4,7,7321.48,1048576
9,4,7,7692.82,1048576
9,4,7,7922.03,1048576
9,4,7,6410.90,1048576
9,4,7,7330.41,1048576
9,4,7,7053.37,1048576
9,4,7,7929.47,1048576
9,4,7,7813.95,1048576
9,4,7,7635.42,1048576
9,4,7,7456.95,1048576
9,4,7,7605.14,1048576
9,4,7,7679.83,1048576
9,4,7,7883.24,1048576
9,4,7,7435.89,1048576
9,5,6,4251.84,1048576
9,5,6,4451.37,1048576
9,5,6,4241.98,1048576
9,5,6,4403.33,1048576
9,5,6,4375.61,1048576
9,5,6,4140.97,1048576
9,5,6,4463.47,1048576
9,5,6,4358.16,1048576
9,5,6,4260.99,1048576
9,5,6,4440.97,1048576
9,5,6,4433.59,1048576
9,5,6,4520.44,1048576
9,5,6,4397.66,1048576
9,5,6,4307.44,1048576
9,5,6,4402.60,1048576
9,5,6,4662.33,1048576
9,5,6,4411.68,1048576
9,5,6,4543.98,1048576
9,5,6,4407.08,1048576
9,5,6,4587.32,1048576
9,6,5,2677.24,1048576
9,6,5,2646.56,1048576
9,6,5,2612.20,1048576
9,6,5,2450.53,1048576
9,6,5,2716.76,1048576
9,6,5,2599.03,1048576
9,6,5,2940.38,1048576
9,6,5,2743.99,1048576
9,6,5,2724.53,1048576
9,6,5,2604.84,1048576
9,6,5,2798.33,1048576
9,6,5,2682.80,1048576
9,6,5,3036.62,1048576
9,6,5,2668.53,1048576
9,6,5,2813.05,1048576
9,6,5,2714.89,1048576
9,6,5,2765.04,1048576
9,6,5,2697.19,1048576
9,6,5,2903.76,1048576
9,6,5,2702.78,1048576
9,7,4,1846.58,1048576
9,7,4,1810.64,1048576
9,7,4,1850.19,1048576
9,7,4,1841.01,1048576
9,7,4,1810.91,1048576
9,7,4,1863.13,1048576
9,7,4,1991.80,1048576
9,7,4,1915.29,1048576
9,7,4,1886.20,1048576
9,7,4,1914.04,1048576
9,7,4,1878.98,1048576
9,7,4,2012.61,1048576
9,7,4,1950.77,1048576
9,7,4,1936.24,1048576
9,7,4,2022.91,1048576
9,7,4,1946.62,1048576
9,7,4,1982.48,1048576
9,7,4,2009.12,1048576
9,7,4,1768.25,1048576
9,7,4,1939.67,1048576
9,8,3,1505.79,1048576
9,8,3,1494.66,1048576
9,8,3,1520.46,1048576
9,8,3,1504.87,1048576
9,8,3,1480.85,1048576
9,8,3,1437.08,1048576
9,8,3,1487.24,1048576
9,8,3,1486.51,1048576
9,8,3,1507.06,1048576
9,8,3,1451.29,1048576
9,8,3,1778.63,1048576
9,8,3,1547.21,1048576
9,8,3,1558.72,1048576
9,8,3,1473.41,1048576
9,8,3,1457.60,1048576
9,8,3,1525.87,1048576
9,8,3,1501.50,1048576
9,8,3,1529.76,1048576
9,8,3,1516.20,1048576
9,8,3,1660.02,1048576
10,0,10,106346.46,1048576
10,0,10,103377.40,1048576
10,0,10,96512.65,1048576
10,0,10,101898.80,1048576
10,0,10,104120.75,1048576
10,0,10,97961.09,1048576
10,0,10,103470.51,1048576
10,0,10,103673.53,1048576
10,0,10,98861.71,1048576
10,0,10,106872.80,1048576
10,0,10,107823.76,1048576
10,0,10,104659.61,1048576
10,0,10,106678.15,1048576
10,0,10,106188.54,1048576
10,0,10,88848.68,1048576
10,0,10,95855.43,1048576
10,0,10,89443.61,1048576
10,0,10,73040.37,1048576
10,0,10,97124.93,1048576
10,0,10,106373.92,1048576
10,1,9,52139.71,1048576
10,1,9,49083.81,1048576
10,1,9,50083.98,1048576
10,1,9,51722.30,1048576
10,1,9,51746.53,1048576
10,1,9,44654.25,1048576
10,1,9,54162.44,1048576
10,1,9,57952.69,1048576
10,1,9,52917.98,1048576
10,1,9,49738.68,1048576
10,1,9,53094.48,1048576
10,1,9,51704.77,1048576
10,1,9,53328.83,1048576
10,1,9,54669.37,1048576
10,1,9,52697.79,1048576
10,1,9,51956.51,1048576
10,1,9,49539.07,1048576
10,1,9,54794.74,1048576
10,1,9,49631.02,1048576
10,1,9,50429.93,1048576
10,2,8,27719.94,1048576
10,2,8,28096.55,1048576
10,2,8,27269.31,1048576
10,2,8,25350.89,1048576
10,2,8,26338.05,1048576
10,2,8,26849.67,1048576
10,2,8,26693.04,1048576
10,2,8,27327.64,1048576
10,2,8,25312.24,1048576
10,2,8,26661.80,1048576
10,2,8,27484.09,1048576
10,2,8,28013.37,1048576
10,2,8,29313.92,1048576
10,2,8,26771.91,1048576
10,2,8,25965.14,1048576
10,2,8,25258.66,1048576
10,2,8,26790.43,1048576
10,2,8,27272.88,1048576
10,2,8,26917.09,1048576
10,2,8,26969.43,1048576
10,3,7,14723.23,1048576
10,3,7,11165.43,1048576
10,3,7,14383.50,1048576
10,3,7,14117.10,1048576
10,3,7,14372.98,1048576
10,3,7,13934.74,1048576
10,3,7,14861.72,1048576
10,3,7,13855.09,1048576
10,3,7,13644.47,1048576
10,3,7,13831.62,1048576
10,3,7,13760.21,1048576
10,3,7,13106.43,1048576
10,3,7,14413.20,1048576
10,3,7,13646.34,1048576
10,3,7,14484.19,1048576
10,3,7,13944.91,1048576
10,3,7,13756.19,1048576
10,3,7,13021.13,1048576
10,3,7,14235.51,1048576
10,3,7,14066.92,1048576
10,4,6,7585.68,1048576
10,4,6,8565.54,1048576
10,4,6,7346.18,1048576
10,4,6,7615.59,1048576
10,4,6,7434.47,1048576
10,4,6,7606.21,1048576
10,4,6,7906.93,1048576
10,4,6,7949.74,1048576
10,4,6,8206.32,1048576
10,4,6,8035.28,1048576
10,4,6,8723.80,1048576
10,4,6,7766.76,1048576
10,4,6,7652.55,1048576
10,4,6,7851.87,1048576
10,4,6,7633.12,1048576
10,4,6,7853.56,1048576
10,4,6,7409.16,1048576
10,4,6,8070.34,1048576
10,4,6,7511.52,1048576
10,4,6,7505.33,1048576
10,5,5,4305.11,1048576
10,5,5,4266.05,1048576
10,5,5,4707.35,1048576
10,5,5,4431.29,1048576
10,5,5,4421.48,1048576
10,5,5,4330.06,1048576
10,5,5,4403.36,1048576
10,5,5,4285.79,1048576
10,5,5,4762.50,1048576
10,5,5,4105.68,1048576
10,5,5,4669.69,1048576
10,5,5,4249.26,1048576
10,5,5,4170.78,1048576
10,5,5,4084.46,1048576
10,5,5,4595.32,1048576
10,5,5,4646.05,1048576
10,5,5,4316.13,1048576
10,5,5,4581.92,1048576
10,5,5,4268.83,1048576
10,5,5,4245.01,1048576
10,6,4,2717.61,1048576
10,6,4,2884.03,1048576
10,6,4,2708.51,1048576
10,6,4,2648.89,1048576
10,6,4,2776.87,1048576
10,6,4,2594.51,1048576
10,6,4,2834.74,1048576
10,6,4,2819.17,1048576
10,6,4,2654.48,1048576
10,6,4,2716.68,1048576
10,6,4,2640.68,1048576
10,6,4,2604.54,1048576
10,6,4,2821.18,1048576
10,6,4,2836.04,1048576
10,6,4,2774.33,1048576
10,6,4,2762.43,1048576
10,6,4,2598.39,1048576
10,6,4,2502.04,1048576
10,6,4,3005.85,1048576
10,6,4,2876.33,1048576
10,7,3,1891.37,1048576
10,7,3,1908.19,1048576
10,7,3,1964.60,1048576
10,7,3,2021.01,1048576
10,7,3,1913.56,1048576
10,7,3,1901.91,1048576
10,7,3,1918.29,1048576
10,7,3,1910.38,1048576
10,7,3,1933.80,1048576
10,7,3,1904.79,1048576
10,7,3,1921.35,1048576
10,7,3,2168.98,1048576
10,7,3,2191.86,1048576
10,7,3,1985.26,1048576
10,7,3,1998.71,1048576
10,7,3,1997.41,1048576
10,7,3,1975.95,1048576
10,7,3,1949.46,1048576
10,7,3,2024.69,1048576
10,7,3,1799.05,1048576
10,8,2,1864.24,1048576
10,8,2,1526.17,1048576
10,8,2,1540.33,1048576
10,8,2,1574.30,1048576
10,8,2,1542.57,1048576
10,8,2,1489.17,1048576
10,8,2,1603.42,1048576
10,8,2,1571.43,1048576
10,8,2,1466.42,1048576
10,8,2,1464.21,1048576
10,8,2,1766.08,1048576
10,8,2,1606.68,1048576
10,8,2,1518.41,1048576
10,8,2,1566.40,1048576
10,8,2,1451.52,1048576
10,8,2,1486.35,1048576
10,8,2,1533.04,1048576
10,8,2,1441.63,1048576
10,8,2,1419.76,1048576
10,8,2,1710.77,1048576
